{"iter": [1, 2, 3, 4, 5, 6, 7, 8, 9, 10, 11, 12, 13, 14, 15, 16, 17, 18, 19, 20], "elite_mean": [-17.75, -17.8, -18.066666666666666, -18.116666666666667, -18.066666666666666, -17.983333333333334, -18.283333333333335, -18.166666666666668, -18.25, -18.2, -18.2, -18.15, -18.1, -18.183333333333334, -18.383333333333333, -18.333333333333332, -18.266666666666666, -18.183333333333334, -18.35, -18.15], "best_so_far": [-17.75, -17.75, -17.75, -17.75, -17.75, -17.75, -17.75, -17.75, -17.75, -17.75, -17.75, -17.75, -17.75, -17.75, -17.75, -17.75, -17.75, -17.75, -17.75, -17.75], "std_mean": [0.41770505905151367, 0.4323142468929291, 0.4599875211715698, 0.476115882396698, 0.49240776896476746, 0.5166700482368469, 0.5390865206718445, 0.5477809906005859, 0.509726881980896, 0.5154021382331848, 0.5471206903457642, 0.5434216856956482, 0.5514363050460815, 0.5384209156036377, 0.5487973093986511, 0.5549737811088562, 0.5472041368484497, 0.5631433129310608, 0.5928253531455994, 0.5869719386100769], "mean_steps": [977.0, 964.31, 941.8, 952.83, 957.42, 942.82, 939.29, 931.05, 934.84, 920.67, 932.41, 923.01, 941.85, 928.69, 910.55, 938.36, 902.4, 899.18, 905.4, 915.51], "cum_steps": [97700, 194131, 288311, 383594, 479336, 573618, 667547, 760652, 854136, 946203, 1039444, 1131745, 1225930, 1318799, 1409854, 1503690, 1593930, 1683848, 1774388, 1865939], "pop_mean": [-19.14, -19.14, -19.14, -19.14, -19.14, -19.14, -19.14, -19.14, -19.14, -19.14, -19.14, -19.14, -19.14, -19.14, -19.14, -19.14, -19.14, -19.14, -19.14, -19.14]}